{"generations": [0], "configs": [[0, ["float8"], [682120, -Infinity, -Infinity, -Infinity, -Infinity]], [0, ["float16"], [1130896, 5.530672904906087, 6.204543346141821, 5.514724042644642, 5.706445327179654]], [0, ["bfloat16"], [1131152, 3.3296334196031108, 3.8747811757004005, 2.9592105907868067, 3.083876467314038]], [0, ["float32"], [2045472, 8.298390465699942, 8.875265333854708, 8.298370118667894, 8.330254725844473]], [0, ["posit8_0"], [682136, -Infinity, -Infinity, -Infinity, -Infinity]], [0, ["posit16_1"], [1130960, 7.3333768203213685, 8.089868608327189, 7.312141438648238, 7.462656406070046]], [0, ["posit16_2"], [1130928, 9.198089010400242, 10.551706278769933, 7.248789943817654, 8.472881292518101]], [0, ["posit32_2"], [2045472, 8.298633804478575, 8.875307991100295, 8.298634652420457, 8.330236875794425]]], "frontier": [[["float8"], [682120, -Infinity, -Infinity, -Infinity, -Infinity]], [["float16"], [1130896, 5.530672904906087, 6.204543346141821, 5.514724042644642, 5.706445327179654]], [["bfloat16"], [1131152, 3.3296334196031108, 3.8747811757004005, 2.9592105907868067, 3.083876467314038]], [["float32"], [2045472, 8.298390465699942, 8.875265333854708, 8.298370118667894, 8.330254725844473]], [["posit8_0"], [682136, -Infinity, -Infinity, -Infinity, -Infinity]], [["posit16_1"], [1130960, 7.3333768203213685, 8.089868608327189, 7.312141438648238, 7.462656406070046]], [["posit16_2"], [1130928, 9.198089010400242, 10.551706278769933, 7.248789943817654, 8.472881292518101]], [["posit32_2"], [2045472, 8.298633804478575, 8.875307991100295, 8.298634652420457, 8.330236875794425]]], "settings": "Chua with posits fenceposts"}
